id;node;type;profile;calc_type;pRES;qRES;sR;subnet;voltLvl
LV1.101 SGen 1;LV1.101 Bus 7;PV;PV5;pq;0.04;0;0.04;LV1.101;7
LV1.101 SGen 2;LV1.101 Bus 11;PV;PV8;pq;0.078381;0;0.078381;LV1.101;7
LV1.101 SGen 4;LV1.101 Bus 8;PV;PV6;pq;0.019;0;0.019;LV1.101;7
LV1.101 SGen 3;LV1.101 Bus 13;PV;PV5;pq;0.023;0;0.023;LV1.101;7
LV1.102 SGen 1;LV1.102 Bus 7;PV;PV5;pq;0.04;0;0.04;LV1.102;7
LV1.102 SGen 2;LV1.102 Bus 11;PV;PV8;pq;0.078381;0;0.078381;LV1.102;7
LV1.102 SGen 4;LV1.102 Bus 8;PV;PV6;pq;0.019;0;0.019;LV1.102;7
LV1.102 SGen 3;LV1.102 Bus 13;PV;PV5;pq;0.023;0;0.023;LV1.102;7
LV1.103 SGen 1;LV1.103 Bus 7;PV;PV5;pq;0.04;0;0.04;LV1.103;7
LV1.103 SGen 2;LV1.103 Bus 11;PV;PV8;pq;0.078381;0;0.078381;LV1.103;7
LV1.103 SGen 4;LV1.103 Bus 8;PV;PV6;pq;0.019;0;0.019;LV1.103;7
LV1.103 SGen 3;LV1.103 Bus 13;PV;PV5;pq;0.023;0;0.023;LV1.103;7
LV1.104 SGen 1;LV1.104 Bus 7;PV;PV5;pq;0.04;0;0.04;LV1.104;7
LV1.104 SGen 2;LV1.104 Bus 11;PV;PV8;pq;0.078381;0;0.078381;LV1.104;7
LV1.104 SGen 4;LV1.104 Bus 8;PV;PV6;pq;0.019;0;0.019;LV1.104;7
LV1.104 SGen 3;LV1.104 Bus 13;PV;PV5;pq;0.023;0;0.023;LV1.104;7
LV1.105 SGen 1;LV1.105 Bus 7;PV;PV5;pq;0.04;0;0.04;LV1.105;7
LV1.105 SGen 2;LV1.105 Bus 11;PV;PV8;pq;0.078381;0;0.078381;LV1.105;7
LV1.105 SGen 4;LV1.105 Bus 8;PV;PV6;pq;0.019;0;0.019;LV1.105;7
LV1.105 SGen 3;LV1.105 Bus 13;PV;PV5;pq;0.023;0;0.023;LV1.105;7
LV1.106 SGen 1;LV1.106 Bus 7;PV;PV5;pq;0.04;0;0.04;LV1.106;7
LV1.106 SGen 2;LV1.106 Bus 11;PV;PV8;pq;0.078381;0;0.078381;LV1.106;7
LV1.106 SGen 4;LV1.106 Bus 8;PV;PV6;pq;0.019;0;0.019;LV1.106;7
LV1.106 SGen 3;LV1.106 Bus 13;PV;PV5;pq;0.023;0;0.023;LV1.106;7
LV1.107 SGen 1;LV1.107 Bus 7;PV;PV5;pq;0.04;0;0.04;LV1.107;7
LV1.107 SGen 2;LV1.107 Bus 11;PV;PV8;pq;0.078381;0;0.078381;LV1.107;7
LV1.107 SGen 4;LV1.107 Bus 8;PV;PV6;pq;0.019;0;0.019;LV1.107;7
LV1.107 SGen 3;LV1.107 Bus 13;PV;PV5;pq;0.023;0;0.023;LV1.107;7
LV1.108 SGen 1;LV1.108 Bus 7;PV;PV5;pq;0.04;0;0.04;LV1.108;7
LV1.108 SGen 2;LV1.108 Bus 11;PV;PV8;pq;0.078381;0;0.078381;LV1.108;7
LV1.108 SGen 4;LV1.108 Bus 8;PV;PV6;pq;0.019;0;0.019;LV1.108;7
LV1.108 SGen 3;LV1.108 Bus 13;PV;PV5;pq;0.023;0;0.023;LV1.108;7
LV1.109 SGen 1;LV1.109 Bus 7;PV;PV5;pq;0.04;0;0.04;LV1.109;7
LV1.109 SGen 2;LV1.109 Bus 11;PV;PV8;pq;0.078381;0;0.078381;LV1.109;7
LV1.109 SGen 4;LV1.109 Bus 8;PV;PV6;pq;0.019;0;0.019;LV1.109;7
LV1.109 SGen 3;LV1.109 Bus 13;PV;PV5;pq;0.023;0;0.023;LV1.109;7
LV1.110 SGen 1;LV1.110 Bus 7;PV;PV5;pq;0.04;0;0.04;LV1.110;7
LV1.110 SGen 2;LV1.110 Bus 11;PV;PV8;pq;0.078381;0;0.078381;LV1.110;7
LV1.110 SGen 4;LV1.110 Bus 8;PV;PV6;pq;0.019;0;0.019;LV1.110;7
LV1.110 SGen 3;LV1.110 Bus 13;PV;PV5;pq;0.023;0;0.023;LV1.110;7
LV1.111 SGen 1;LV1.111 Bus 7;PV;PV5;pq;0.04;0;0.04;LV1.111;7
LV1.111 SGen 2;LV1.111 Bus 11;PV;PV8;pq;0.078381;0;0.078381;LV1.111;7
LV1.111 SGen 4;LV1.111 Bus 8;PV;PV6;pq;0.019;0;0.019;LV1.111;7
LV1.111 SGen 3;LV1.111 Bus 13;PV;PV5;pq;0.023;0;0.023;LV1.111;7
LV1.112 SGen 1;LV1.112 Bus 7;PV;PV5;pq;0.04;0;0.04;LV1.112;7
LV1.112 SGen 2;LV1.112 Bus 11;PV;PV8;pq;0.078381;0;0.078381;LV1.112;7
LV1.112 SGen 4;LV1.112 Bus 8;PV;PV6;pq;0.019;0;0.019;LV1.112;7
LV1.112 SGen 3;LV1.112 Bus 13;PV;PV5;pq;0.023;0;0.023;LV1.112;7
LV1.113 SGen 1;LV1.113 Bus 7;PV;PV5;pq;0.04;0;0.04;LV1.113;7
LV1.113 SGen 2;LV1.113 Bus 11;PV;PV8;pq;0.078381;0;0.078381;LV1.113;7
LV1.113 SGen 4;LV1.113 Bus 8;PV;PV6;pq;0.019;0;0.019;LV1.113;7
LV1.113 SGen 3;LV1.113 Bus 13;PV;PV5;pq;0.023;0;0.023;LV1.113;7
LV1.114 SGen 1;LV1.114 Bus 7;PV;PV5;pq;0.04;0;0.04;LV1.114;7
LV1.114 SGen 2;LV1.114 Bus 11;PV;PV8;pq;0.078381;0;0.078381;LV1.114;7
LV1.114 SGen 4;LV1.114 Bus 8;PV;PV6;pq;0.019;0;0.019;LV1.114;7
LV1.114 SGen 3;LV1.114 Bus 13;PV;PV5;pq;0.023;0;0.023;LV1.114;7
LV1.115 SGen 1;LV1.115 Bus 7;PV;PV5;pq;0.04;0;0.04;LV1.115;7
LV1.115 SGen 2;LV1.115 Bus 11;PV;PV8;pq;0.078381;0;0.078381;LV1.115;7
LV1.115 SGen 4;LV1.115 Bus 8;PV;PV6;pq;0.019;0;0.019;LV1.115;7
LV1.115 SGen 3;LV1.115 Bus 13;PV;PV5;pq;0.023;0;0.023;LV1.115;7
LV1.116 SGen 1;LV1.116 Bus 7;PV;PV5;pq;0.04;0;0.04;LV1.116;7
LV1.116 SGen 2;LV1.116 Bus 11;PV;PV8;pq;0.078381;0;0.078381;LV1.116;7
LV1.116 SGen 4;LV1.116 Bus 8;PV;PV6;pq;0.019;0;0.019;LV1.116;7
LV1.116 SGen 3;LV1.116 Bus 13;PV;PV5;pq;0.023;0;0.023;LV1.116;7
LV1.117 SGen 1;LV1.117 Bus 7;PV;PV5;pq;0.04;0;0.04;LV1.117;7
LV1.117 SGen 2;LV1.117 Bus 11;PV;PV8;pq;0.078381;0;0.078381;LV1.117;7
LV1.117 SGen 4;LV1.117 Bus 8;PV;PV6;pq;0.019;0;0.019;LV1.117;7
LV1.117 SGen 3;LV1.117 Bus 13;PV;PV5;pq;0.023;0;0.023;LV1.117;7
LV1.118 SGen 1;LV1.118 Bus 7;PV;PV5;pq;0.04;0;0.04;LV1.118;7
LV1.118 SGen 2;LV1.118 Bus 11;PV;PV8;pq;0.078381;0;0.078381;LV1.118;7
LV1.118 SGen 4;LV1.118 Bus 8;PV;PV6;pq;0.019;0;0.019;LV1.118;7
LV1.118 SGen 3;LV1.118 Bus 13;PV;PV5;pq;0.023;0;0.023;LV1.118;7
LV1.119 SGen 1;LV1.119 Bus 7;PV;PV5;pq;0.04;0;0.04;LV1.119;7
LV1.119 SGen 2;LV1.119 Bus 11;PV;PV8;pq;0.078381;0;0.078381;LV1.119;7
LV1.119 SGen 4;LV1.119 Bus 8;PV;PV6;pq;0.019;0;0.019;LV1.119;7
LV1.119 SGen 3;LV1.119 Bus 13;PV;PV5;pq;0.023;0;0.023;LV1.119;7
LV1.120 SGen 1;LV1.120 Bus 7;PV;PV5;pq;0.04;0;0.04;LV1.120;7
LV1.120 SGen 2;LV1.120 Bus 11;PV;PV8;pq;0.078381;0;0.078381;LV1.120;7
LV1.120 SGen 4;LV1.120 Bus 8;PV;PV6;pq;0.019;0;0.019;LV1.120;7
LV1.120 SGen 3;LV1.120 Bus 13;PV;PV5;pq;0.023;0;0.023;LV1.120;7
LV1.121 SGen 1;LV1.121 Bus 7;PV;PV5;pq;0.04;0;0.04;LV1.121;7
LV1.121 SGen 2;LV1.121 Bus 11;PV;PV8;pq;0.078381;0;0.078381;LV1.121;7
LV1.121 SGen 4;LV1.121 Bus 8;PV;PV6;pq;0.019;0;0.019;LV1.121;7
LV1.121 SGen 3;LV1.121 Bus 13;PV;PV5;pq;0.023;0;0.023;LV1.121;7
LV1.122 SGen 1;LV1.122 Bus 7;PV;PV5;pq;0.04;0;0.04;LV1.122;7
LV1.122 SGen 2;LV1.122 Bus 11;PV;PV8;pq;0.078381;0;0.078381;LV1.122;7
LV1.122 SGen 4;LV1.122 Bus 8;PV;PV6;pq;0.019;0;0.019;LV1.122;7
LV1.122 SGen 3;LV1.122 Bus 13;PV;PV5;pq;0.023;0;0.023;LV1.122;7
LV1.123 SGen 1;LV1.123 Bus 7;PV;PV5;pq;0.04;0;0.04;LV1.123;7
LV1.123 SGen 2;LV1.123 Bus 11;PV;PV8;pq;0.078381;0;0.078381;LV1.123;7
LV1.123 SGen 4;LV1.123 Bus 8;PV;PV6;pq;0.019;0;0.019;LV1.123;7
LV1.123 SGen 3;LV1.123 Bus 13;PV;PV5;pq;0.023;0;0.023;LV1.123;7
LV1.124 SGen 1;LV1.124 Bus 7;PV;PV5;pq;0.04;0;0.04;LV1.124;7
LV1.124 SGen 2;LV1.124 Bus 11;PV;PV8;pq;0.078381;0;0.078381;LV1.124;7
LV1.124 SGen 4;LV1.124 Bus 8;PV;PV6;pq;0.019;0;0.019;LV1.124;7
LV1.124 SGen 3;LV1.124 Bus 13;PV;PV5;pq;0.023;0;0.023;LV1.124;7
LV1.125 SGen 1;LV1.125 Bus 7;PV;PV5;pq;0.04;0;0.04;LV1.125;7
LV1.125 SGen 2;LV1.125 Bus 11;PV;PV8;pq;0.078381;0;0.078381;LV1.125;7
LV1.125 SGen 4;LV1.125 Bus 8;PV;PV6;pq;0.019;0;0.019;LV1.125;7
LV1.125 SGen 3;LV1.125 Bus 13;PV;PV5;pq;0.023;0;0.023;LV1.125;7
LV1.126 SGen 1;LV1.126 Bus 7;PV;PV5;pq;0.04;0;0.04;LV1.126;7
LV1.126 SGen 2;LV1.126 Bus 11;PV;PV8;pq;0.078381;0;0.078381;LV1.126;7
LV1.126 SGen 4;LV1.126 Bus 8;PV;PV6;pq;0.019;0;0.019;LV1.126;7
LV1.126 SGen 3;LV1.126 Bus 13;PV;PV5;pq;0.023;0;0.023;LV1.126;7
LV1.127 SGen 1;LV1.127 Bus 7;PV;PV5;pq;0.04;0;0.04;LV1.127;7
LV1.127 SGen 2;LV1.127 Bus 11;PV;PV8;pq;0.078381;0;0.078381;LV1.127;7
LV1.127 SGen 4;LV1.127 Bus 8;PV;PV6;pq;0.019;0;0.019;LV1.127;7
LV1.127 SGen 3;LV1.127 Bus 13;PV;PV5;pq;0.023;0;0.023;LV1.127;7
LV1.128 SGen 1;LV1.128 Bus 7;PV;PV5;pq;0.04;0;0.04;LV1.128;7
LV1.128 SGen 2;LV1.128 Bus 11;PV;PV8;pq;0.078381;0;0.078381;LV1.128;7
LV1.128 SGen 4;LV1.128 Bus 8;PV;PV6;pq;0.019;0;0.019;LV1.128;7
LV1.128 SGen 3;LV1.128 Bus 13;PV;PV5;pq;0.023;0;0.023;LV1.128;7
LV1.129 SGen 1;LV1.129 Bus 7;PV;PV5;pq;0.04;0;0.04;LV1.129;7
LV1.129 SGen 2;LV1.129 Bus 11;PV;PV8;pq;0.078381;0;0.078381;LV1.129;7
LV1.129 SGen 4;LV1.129 Bus 8;PV;PV6;pq;0.019;0;0.019;LV1.129;7
LV1.129 SGen 3;LV1.129 Bus 13;PV;PV5;pq;0.023;0;0.023;LV1.129;7
LV1.130 SGen 1;LV1.130 Bus 7;PV;PV5;pq;0.04;0;0.04;LV1.130;7
LV1.130 SGen 2;LV1.130 Bus 11;PV;PV8;pq;0.078381;0;0.078381;LV1.130;7
LV1.130 SGen 4;LV1.130 Bus 8;PV;PV6;pq;0.019;0;0.019;LV1.130;7
LV1.130 SGen 3;LV1.130 Bus 13;PV;PV5;pq;0.023;0;0.023;LV1.130;7
LV1.131 SGen 1;LV1.131 Bus 7;PV;PV5;pq;0.04;0;0.04;LV1.131;7
LV1.131 SGen 2;LV1.131 Bus 11;PV;PV8;pq;0.078381;0;0.078381;LV1.131;7
LV1.131 SGen 4;LV1.131 Bus 8;PV;PV6;pq;0.019;0;0.019;LV1.131;7
LV1.131 SGen 3;LV1.131 Bus 13;PV;PV5;pq;0.023;0;0.023;LV1.131;7
LV1.132 SGen 1;LV1.132 Bus 7;PV;PV5;pq;0.04;0;0.04;LV1.132;7
LV1.132 SGen 2;LV1.132 Bus 11;PV;PV8;pq;0.078381;0;0.078381;LV1.132;7
LV1.132 SGen 4;LV1.132 Bus 8;PV;PV6;pq;0.019;0;0.019;LV1.132;7
LV1.132 SGen 3;LV1.132 Bus 13;PV;PV5;pq;0.023;0;0.023;LV1.132;7
LV1.133 SGen 1;LV1.133 Bus 7;PV;PV5;pq;0.04;0;0.04;LV1.133;7
LV1.133 SGen 2;LV1.133 Bus 11;PV;PV8;pq;0.078381;0;0.078381;LV1.133;7
LV1.133 SGen 4;LV1.133 Bus 8;PV;PV6;pq;0.019;0;0.019;LV1.133;7
LV1.133 SGen 3;LV1.133 Bus 13;PV;PV5;pq;0.023;0;0.023;LV1.133;7
LV1.134 SGen 1;LV1.134 Bus 7;PV;PV5;pq;0.04;0;0.04;LV1.134;7
LV1.134 SGen 2;LV1.134 Bus 11;PV;PV8;pq;0.078381;0;0.078381;LV1.134;7
LV1.134 SGen 4;LV1.134 Bus 8;PV;PV6;pq;0.019;0;0.019;LV1.134;7
LV1.134 SGen 3;LV1.134 Bus 13;PV;PV5;pq;0.023;0;0.023;LV1.134;7
LV1.135 SGen 1;LV1.135 Bus 7;PV;PV5;pq;0.04;0;0.04;LV1.135;7
LV1.135 SGen 2;LV1.135 Bus 11;PV;PV8;pq;0.078381;0;0.078381;LV1.135;7
LV1.135 SGen 4;LV1.135 Bus 8;PV;PV6;pq;0.019;0;0.019;LV1.135;7
LV1.135 SGen 3;LV1.135 Bus 13;PV;PV5;pq;0.023;0;0.023;LV1.135;7
LV1.136 SGen 1;LV1.136 Bus 7;PV;PV5;pq;0.04;0;0.04;LV1.136;7
LV1.136 SGen 2;LV1.136 Bus 11;PV;PV8;pq;0.078381;0;0.078381;LV1.136;7
LV1.136 SGen 4;LV1.136 Bus 8;PV;PV6;pq;0.019;0;0.019;LV1.136;7
LV1.136 SGen 3;LV1.136 Bus 13;PV;PV5;pq;0.023;0;0.023;LV1.136;7
LV2.101 SGen 1;LV2.101 Bus 40;PV;PV7;pq;0.0226;0;0.0226;LV2.101;7
LV2.101 SGen 2;LV2.101 Bus 51;PV;PV3;pq;0.0286;0;0.0286;LV2.101;7
LV2.101 SGen 3;LV2.101 Bus 50;PV;PV7;pq;0.0286;0;0.0286;LV2.101;7
LV2.101 SGen 4;LV2.101 Bus 41;PV;PV4;pq;0.0276;0;0.05376;LV2.101;7
LV2.101 SGen 5;LV2.101 Bus 36;PV;PV4;pq;0.011;0;0.011;LV2.101;7
LV2.101 SGen 6;LV2.101 Bus 1;PV;PV3;pq;0.0125;0;0.0125;LV2.101;7
LV2.101 SGen 7;LV2.101 Bus 39;PV;PV3;pq;0.0047;0;0.0047;LV2.101;7
LV2.101 SGen 8;LV2.101 Bus 10;PV;PV1;pq;0.0098;0;0.0098;LV2.101;7
LV2.102 SGen 1;LV2.102 Bus 40;PV;PV7;pq;0.0226;0;0.0226;LV2.102;7
LV2.102 SGen 2;LV2.102 Bus 51;PV;PV3;pq;0.0286;0;0.0286;LV2.102;7
LV2.102 SGen 3;LV2.102 Bus 50;PV;PV7;pq;0.0286;0;0.0286;LV2.102;7
LV2.102 SGen 4;LV2.102 Bus 41;PV;PV4;pq;0.0276;0;0.05376;LV2.102;7
LV2.102 SGen 5;LV2.102 Bus 36;PV;PV4;pq;0.011;0;0.011;LV2.102;7
LV2.102 SGen 6;LV2.102 Bus 1;PV;PV3;pq;0.0125;0;0.0125;LV2.102;7
LV2.102 SGen 7;LV2.102 Bus 39;PV;PV3;pq;0.0047;0;0.0047;LV2.102;7
LV2.102 SGen 8;LV2.102 Bus 10;PV;PV1;pq;0.0098;0;0.0098;LV2.102;7
LV2.103 SGen 1;LV2.103 Bus 40;PV;PV7;pq;0.0226;0;0.0226;LV2.103;7
LV2.103 SGen 2;LV2.103 Bus 51;PV;PV3;pq;0.0286;0;0.0286;LV2.103;7
LV2.103 SGen 3;LV2.103 Bus 50;PV;PV7;pq;0.0286;0;0.0286;LV2.103;7
LV2.103 SGen 4;LV2.103 Bus 41;PV;PV4;pq;0.0276;0;0.05376;LV2.103;7
LV2.103 SGen 5;LV2.103 Bus 36;PV;PV4;pq;0.011;0;0.011;LV2.103;7
LV2.103 SGen 6;LV2.103 Bus 1;PV;PV3;pq;0.0125;0;0.0125;LV2.103;7
LV2.103 SGen 7;LV2.103 Bus 39;PV;PV3;pq;0.0047;0;0.0047;LV2.103;7
LV2.103 SGen 8;LV2.103 Bus 10;PV;PV1;pq;0.0098;0;0.0098;LV2.103;7
LV2.104 SGen 1;LV2.104 Bus 40;PV;PV7;pq;0.0226;0;0.0226;LV2.104;7
LV2.104 SGen 2;LV2.104 Bus 51;PV;PV3;pq;0.0286;0;0.0286;LV2.104;7
LV2.104 SGen 3;LV2.104 Bus 50;PV;PV7;pq;0.0286;0;0.0286;LV2.104;7
LV2.104 SGen 4;LV2.104 Bus 41;PV;PV4;pq;0.0276;0;0.05376;LV2.104;7
LV2.104 SGen 5;LV2.104 Bus 36;PV;PV4;pq;0.011;0;0.011;LV2.104;7
LV2.104 SGen 6;LV2.104 Bus 1;PV;PV3;pq;0.0125;0;0.0125;LV2.104;7
LV2.104 SGen 7;LV2.104 Bus 39;PV;PV3;pq;0.0047;0;0.0047;LV2.104;7
LV2.104 SGen 8;LV2.104 Bus 10;PV;PV1;pq;0.0098;0;0.0098;LV2.104;7
LV2.105 SGen 1;LV2.105 Bus 40;PV;PV7;pq;0.0226;0;0.0226;LV2.105;7
LV2.105 SGen 2;LV2.105 Bus 51;PV;PV3;pq;0.0286;0;0.0286;LV2.105;7
LV2.105 SGen 3;LV2.105 Bus 50;PV;PV7;pq;0.0286;0;0.0286;LV2.105;7
LV2.105 SGen 4;LV2.105 Bus 41;PV;PV4;pq;0.0276;0;0.05376;LV2.105;7
LV2.105 SGen 5;LV2.105 Bus 36;PV;PV4;pq;0.011;0;0.011;LV2.105;7
LV2.105 SGen 6;LV2.105 Bus 1;PV;PV3;pq;0.0125;0;0.0125;LV2.105;7
LV2.105 SGen 7;LV2.105 Bus 39;PV;PV3;pq;0.0047;0;0.0047;LV2.105;7
LV2.105 SGen 8;LV2.105 Bus 10;PV;PV1;pq;0.0098;0;0.0098;LV2.105;7
LV2.106 SGen 1;LV2.106 Bus 40;PV;PV7;pq;0.0226;0;0.0226;LV2.106;7
LV2.106 SGen 2;LV2.106 Bus 51;PV;PV3;pq;0.0286;0;0.0286;LV2.106;7
LV2.106 SGen 3;LV2.106 Bus 50;PV;PV7;pq;0.0286;0;0.0286;LV2.106;7
LV2.106 SGen 4;LV2.106 Bus 41;PV;PV4;pq;0.0276;0;0.05376;LV2.106;7
LV2.106 SGen 5;LV2.106 Bus 36;PV;PV4;pq;0.011;0;0.011;LV2.106;7
LV2.106 SGen 6;LV2.106 Bus 1;PV;PV3;pq;0.0125;0;0.0125;LV2.106;7
LV2.106 SGen 7;LV2.106 Bus 39;PV;PV3;pq;0.0047;0;0.0047;LV2.106;7
LV2.106 SGen 8;LV2.106 Bus 10;PV;PV1;pq;0.0098;0;0.0098;LV2.106;7
LV2.107 SGen 1;LV2.107 Bus 40;PV;PV7;pq;0.0226;0;0.0226;LV2.107;7
LV2.107 SGen 2;LV2.107 Bus 51;PV;PV3;pq;0.0286;0;0.0286;LV2.107;7
LV2.107 SGen 3;LV2.107 Bus 50;PV;PV7;pq;0.0286;0;0.0286;LV2.107;7
LV2.107 SGen 4;LV2.107 Bus 41;PV;PV4;pq;0.0276;0;0.05376;LV2.107;7
LV2.107 SGen 5;LV2.107 Bus 36;PV;PV4;pq;0.011;0;0.011;LV2.107;7
LV2.107 SGen 6;LV2.107 Bus 1;PV;PV3;pq;0.0125;0;0.0125;LV2.107;7
LV2.107 SGen 7;LV2.107 Bus 39;PV;PV3;pq;0.0047;0;0.0047;LV2.107;7
LV2.107 SGen 8;LV2.107 Bus 10;PV;PV1;pq;0.0098;0;0.0098;LV2.107;7
LV2.108 SGen 1;LV2.108 Bus 40;PV;PV7;pq;0.0226;0;0.0226;LV2.108;7
LV2.108 SGen 2;LV2.108 Bus 51;PV;PV3;pq;0.0286;0;0.0286;LV2.108;7
LV2.108 SGen 3;LV2.108 Bus 50;PV;PV7;pq;0.0286;0;0.0286;LV2.108;7
LV2.108 SGen 4;LV2.108 Bus 41;PV;PV4;pq;0.0276;0;0.05376;LV2.108;7
LV2.108 SGen 5;LV2.108 Bus 36;PV;PV4;pq;0.011;0;0.011;LV2.108;7
LV2.108 SGen 6;LV2.108 Bus 1;PV;PV3;pq;0.0125;0;0.0125;LV2.108;7
LV2.108 SGen 7;LV2.108 Bus 39;PV;PV3;pq;0.0047;0;0.0047;LV2.108;7
LV2.108 SGen 8;LV2.108 Bus 10;PV;PV1;pq;0.0098;0;0.0098;LV2.108;7
LV2.109 SGen 1;LV2.109 Bus 40;PV;PV7;pq;0.0226;0;0.0226;LV2.109;7
LV2.109 SGen 2;LV2.109 Bus 51;PV;PV3;pq;0.0286;0;0.0286;LV2.109;7
LV2.109 SGen 3;LV2.109 Bus 50;PV;PV7;pq;0.0286;0;0.0286;LV2.109;7
LV2.109 SGen 4;LV2.109 Bus 41;PV;PV4;pq;0.0276;0;0.05376;LV2.109;7
LV2.109 SGen 5;LV2.109 Bus 36;PV;PV4;pq;0.011;0;0.011;LV2.109;7
LV2.109 SGen 6;LV2.109 Bus 1;PV;PV3;pq;0.0125;0;0.0125;LV2.109;7
LV2.109 SGen 7;LV2.109 Bus 39;PV;PV3;pq;0.0047;0;0.0047;LV2.109;7
LV2.109 SGen 8;LV2.109 Bus 10;PV;PV1;pq;0.0098;0;0.0098;LV2.109;7
LV2.110 SGen 1;LV2.110 Bus 40;PV;PV7;pq;0.0226;0;0.0226;LV2.110;7
LV2.110 SGen 2;LV2.110 Bus 51;PV;PV3;pq;0.0286;0;0.0286;LV2.110;7
LV2.110 SGen 3;LV2.110 Bus 50;PV;PV7;pq;0.0286;0;0.0286;LV2.110;7
LV2.110 SGen 4;LV2.110 Bus 41;PV;PV4;pq;0.0276;0;0.05376;LV2.110;7
LV2.110 SGen 5;LV2.110 Bus 36;PV;PV4;pq;0.011;0;0.011;LV2.110;7
LV2.110 SGen 6;LV2.110 Bus 1;PV;PV3;pq;0.0125;0;0.0125;LV2.110;7
LV2.110 SGen 7;LV2.110 Bus 39;PV;PV3;pq;0.0047;0;0.0047;LV2.110;7
LV2.110 SGen 8;LV2.110 Bus 10;PV;PV1;pq;0.0098;0;0.0098;LV2.110;7
LV2.111 SGen 1;LV2.111 Bus 40;PV;PV7;pq;0.0226;0;0.0226;LV2.111;7
LV2.111 SGen 2;LV2.111 Bus 51;PV;PV3;pq;0.0286;0;0.0286;LV2.111;7
LV2.111 SGen 3;LV2.111 Bus 50;PV;PV7;pq;0.0286;0;0.0286;LV2.111;7
LV2.111 SGen 4;LV2.111 Bus 41;PV;PV4;pq;0.0276;0;0.05376;LV2.111;7
LV2.111 SGen 5;LV2.111 Bus 36;PV;PV4;pq;0.011;0;0.011;LV2.111;7
LV2.111 SGen 6;LV2.111 Bus 1;PV;PV3;pq;0.0125;0;0.0125;LV2.111;7
LV2.111 SGen 7;LV2.111 Bus 39;PV;PV3;pq;0.0047;0;0.0047;LV2.111;7
LV2.111 SGen 8;LV2.111 Bus 10;PV;PV1;pq;0.0098;0;0.0098;LV2.111;7
LV2.112 SGen 1;LV2.112 Bus 40;PV;PV7;pq;0.0226;0;0.0226;LV2.112;7
LV2.112 SGen 2;LV2.112 Bus 51;PV;PV3;pq;0.0286;0;0.0286;LV2.112;7
LV2.112 SGen 3;LV2.112 Bus 50;PV;PV7;pq;0.0286;0;0.0286;LV2.112;7
LV2.112 SGen 4;LV2.112 Bus 41;PV;PV4;pq;0.0276;0;0.05376;LV2.112;7
LV2.112 SGen 5;LV2.112 Bus 36;PV;PV4;pq;0.011;0;0.011;LV2.112;7
LV2.112 SGen 6;LV2.112 Bus 1;PV;PV3;pq;0.0125;0;0.0125;LV2.112;7
LV2.112 SGen 7;LV2.112 Bus 39;PV;PV3;pq;0.0047;0;0.0047;LV2.112;7
LV2.112 SGen 8;LV2.112 Bus 10;PV;PV1;pq;0.0098;0;0.0098;LV2.112;7
LV2.113 SGen 1;LV2.113 Bus 40;PV;PV7;pq;0.0226;0;0.0226;LV2.113;7
LV2.113 SGen 2;LV2.113 Bus 51;PV;PV3;pq;0.0286;0;0.0286;LV2.113;7
LV2.113 SGen 3;LV2.113 Bus 50;PV;PV7;pq;0.0286;0;0.0286;LV2.113;7
LV2.113 SGen 4;LV2.113 Bus 41;PV;PV4;pq;0.0276;0;0.05376;LV2.113;7
LV2.113 SGen 5;LV2.113 Bus 36;PV;PV4;pq;0.011;0;0.011;LV2.113;7
LV2.113 SGen 6;LV2.113 Bus 1;PV;PV3;pq;0.0125;0;0.0125;LV2.113;7
LV2.113 SGen 7;LV2.113 Bus 39;PV;PV3;pq;0.0047;0;0.0047;LV2.113;7
LV2.113 SGen 8;LV2.113 Bus 10;PV;PV1;pq;0.0098;0;0.0098;LV2.113;7
LV2.114 SGen 1;LV2.114 Bus 40;PV;PV7;pq;0.0226;0;0.0226;LV2.114;7
LV2.114 SGen 2;LV2.114 Bus 51;PV;PV3;pq;0.0286;0;0.0286;LV2.114;7
LV2.114 SGen 3;LV2.114 Bus 50;PV;PV7;pq;0.0286;0;0.0286;LV2.114;7
LV2.114 SGen 4;LV2.114 Bus 41;PV;PV4;pq;0.0276;0;0.05376;LV2.114;7
LV2.114 SGen 5;LV2.114 Bus 36;PV;PV4;pq;0.011;0;0.011;LV2.114;7
LV2.114 SGen 6;LV2.114 Bus 1;PV;PV3;pq;0.0125;0;0.0125;LV2.114;7
LV2.114 SGen 7;LV2.114 Bus 39;PV;PV3;pq;0.0047;0;0.0047;LV2.114;7
LV2.114 SGen 8;LV2.114 Bus 10;PV;PV1;pq;0.0098;0;0.0098;LV2.114;7
LV2.115 SGen 1;LV2.115 Bus 40;PV;PV7;pq;0.0226;0;0.0226;LV2.115;7
LV2.115 SGen 2;LV2.115 Bus 51;PV;PV3;pq;0.0286;0;0.0286;LV2.115;7
LV2.115 SGen 3;LV2.115 Bus 50;PV;PV7;pq;0.0286;0;0.0286;LV2.115;7
LV2.115 SGen 4;LV2.115 Bus 41;PV;PV4;pq;0.0276;0;0.05376;LV2.115;7
LV2.115 SGen 5;LV2.115 Bus 36;PV;PV4;pq;0.011;0;0.011;LV2.115;7
LV2.115 SGen 6;LV2.115 Bus 1;PV;PV3;pq;0.0125;0;0.0125;LV2.115;7
LV2.115 SGen 7;LV2.115 Bus 39;PV;PV3;pq;0.0047;0;0.0047;LV2.115;7
LV2.115 SGen 8;LV2.115 Bus 10;PV;PV1;pq;0.0098;0;0.0098;LV2.115;7
LV2.116 SGen 1;LV2.116 Bus 40;PV;PV7;pq;0.0226;0;0.0226;LV2.116;7
LV2.116 SGen 2;LV2.116 Bus 51;PV;PV3;pq;0.0286;0;0.0286;LV2.116;7
LV2.116 SGen 3;LV2.116 Bus 50;PV;PV7;pq;0.0286;0;0.0286;LV2.116;7
LV2.116 SGen 4;LV2.116 Bus 41;PV;PV4;pq;0.0276;0;0.05376;LV2.116;7
LV2.116 SGen 5;LV2.116 Bus 36;PV;PV4;pq;0.011;0;0.011;LV2.116;7
LV2.116 SGen 6;LV2.116 Bus 1;PV;PV3;pq;0.0125;0;0.0125;LV2.116;7
LV2.116 SGen 7;LV2.116 Bus 39;PV;PV3;pq;0.0047;0;0.0047;LV2.116;7
LV2.116 SGen 8;LV2.116 Bus 10;PV;PV1;pq;0.0098;0;0.0098;LV2.116;7
LV2.117 SGen 1;LV2.117 Bus 40;PV;PV7;pq;0.0226;0;0.0226;LV2.117;7
LV2.117 SGen 2;LV2.117 Bus 51;PV;PV3;pq;0.0286;0;0.0286;LV2.117;7
LV2.117 SGen 3;LV2.117 Bus 50;PV;PV7;pq;0.0286;0;0.0286;LV2.117;7
LV2.117 SGen 4;LV2.117 Bus 41;PV;PV4;pq;0.0276;0;0.05376;LV2.117;7
LV2.117 SGen 5;LV2.117 Bus 36;PV;PV4;pq;0.011;0;0.011;LV2.117;7
LV2.117 SGen 6;LV2.117 Bus 1;PV;PV3;pq;0.0125;0;0.0125;LV2.117;7
LV2.117 SGen 7;LV2.117 Bus 39;PV;PV3;pq;0.0047;0;0.0047;LV2.117;7
LV2.117 SGen 8;LV2.117 Bus 10;PV;PV1;pq;0.0098;0;0.0098;LV2.117;7
LV2.118 SGen 1;LV2.118 Bus 40;PV;PV7;pq;0.0226;0;0.0226;LV2.118;7
LV2.118 SGen 2;LV2.118 Bus 51;PV;PV3;pq;0.0286;0;0.0286;LV2.118;7
LV2.118 SGen 3;LV2.118 Bus 50;PV;PV7;pq;0.0286;0;0.0286;LV2.118;7
LV2.118 SGen 4;LV2.118 Bus 41;PV;PV4;pq;0.0276;0;0.05376;LV2.118;7
LV2.118 SGen 5;LV2.118 Bus 36;PV;PV4;pq;0.011;0;0.011;LV2.118;7
LV2.118 SGen 6;LV2.118 Bus 1;PV;PV3;pq;0.0125;0;0.0125;LV2.118;7
LV2.118 SGen 7;LV2.118 Bus 39;PV;PV3;pq;0.0047;0;0.0047;LV2.118;7
LV2.118 SGen 8;LV2.118 Bus 10;PV;PV1;pq;0.0098;0;0.0098;LV2.118;7
LV2.119 SGen 1;LV2.119 Bus 40;PV;PV7;pq;0.0226;0;0.0226;LV2.119;7
LV2.119 SGen 2;LV2.119 Bus 51;PV;PV3;pq;0.0286;0;0.0286;LV2.119;7
LV2.119 SGen 3;LV2.119 Bus 50;PV;PV7;pq;0.0286;0;0.0286;LV2.119;7
LV2.119 SGen 4;LV2.119 Bus 41;PV;PV4;pq;0.0276;0;0.05376;LV2.119;7
LV2.119 SGen 5;LV2.119 Bus 36;PV;PV4;pq;0.011;0;0.011;LV2.119;7
LV2.119 SGen 6;LV2.119 Bus 1;PV;PV3;pq;0.0125;0;0.0125;LV2.119;7
LV2.119 SGen 7;LV2.119 Bus 39;PV;PV3;pq;0.0047;0;0.0047;LV2.119;7
LV2.119 SGen 8;LV2.119 Bus 10;PV;PV1;pq;0.0098;0;0.0098;LV2.119;7
LV2.120 SGen 1;LV2.120 Bus 40;PV;PV7;pq;0.0226;0;0.0226;LV2.120;7
LV2.120 SGen 2;LV2.120 Bus 51;PV;PV3;pq;0.0286;0;0.0286;LV2.120;7
LV2.120 SGen 3;LV2.120 Bus 50;PV;PV7;pq;0.0286;0;0.0286;LV2.120;7
LV2.120 SGen 4;LV2.120 Bus 41;PV;PV4;pq;0.0276;0;0.05376;LV2.120;7
LV2.120 SGen 5;LV2.120 Bus 36;PV;PV4;pq;0.011;0;0.011;LV2.120;7
LV2.120 SGen 6;LV2.120 Bus 1;PV;PV3;pq;0.0125;0;0.0125;LV2.120;7
LV2.120 SGen 7;LV2.120 Bus 39;PV;PV3;pq;0.0047;0;0.0047;LV2.120;7
LV2.120 SGen 8;LV2.120 Bus 10;PV;PV1;pq;0.0098;0;0.0098;LV2.120;7
LV2.121 SGen 1;LV2.121 Bus 40;PV;PV7;pq;0.0226;0;0.0226;LV2.121;7
LV2.121 SGen 2;LV2.121 Bus 51;PV;PV3;pq;0.0286;0;0.0286;LV2.121;7
LV2.121 SGen 3;LV2.121 Bus 50;PV;PV7;pq;0.0286;0;0.0286;LV2.121;7
LV2.121 SGen 4;LV2.121 Bus 41;PV;PV4;pq;0.0276;0;0.05376;LV2.121;7
LV2.121 SGen 5;LV2.121 Bus 36;PV;PV4;pq;0.011;0;0.011;LV2.121;7
LV2.121 SGen 6;LV2.121 Bus 1;PV;PV3;pq;0.0125;0;0.0125;LV2.121;7
LV2.121 SGen 7;LV2.121 Bus 39;PV;PV3;pq;0.0047;0;0.0047;LV2.121;7
LV2.121 SGen 8;LV2.121 Bus 10;PV;PV1;pq;0.0098;0;0.0098;LV2.121;7
LV2.122 SGen 1;LV2.122 Bus 40;PV;PV7;pq;0.0226;0;0.0226;LV2.122;7
LV2.122 SGen 2;LV2.122 Bus 51;PV;PV3;pq;0.0286;0;0.0286;LV2.122;7
LV2.122 SGen 3;LV2.122 Bus 50;PV;PV7;pq;0.0286;0;0.0286;LV2.122;7
LV2.122 SGen 4;LV2.122 Bus 41;PV;PV4;pq;0.0276;0;0.05376;LV2.122;7
LV2.122 SGen 5;LV2.122 Bus 36;PV;PV4;pq;0.011;0;0.011;LV2.122;7
LV2.122 SGen 6;LV2.122 Bus 1;PV;PV3;pq;0.0125;0;0.0125;LV2.122;7
LV2.122 SGen 7;LV2.122 Bus 39;PV;PV3;pq;0.0047;0;0.0047;LV2.122;7
LV2.122 SGen 8;LV2.122 Bus 10;PV;PV1;pq;0.0098;0;0.0098;LV2.122;7
LV2.123 SGen 1;LV2.123 Bus 40;PV;PV7;pq;0.0226;0;0.0226;LV2.123;7
LV2.123 SGen 2;LV2.123 Bus 51;PV;PV3;pq;0.0286;0;0.0286;LV2.123;7
LV2.123 SGen 3;LV2.123 Bus 50;PV;PV7;pq;0.0286;0;0.0286;LV2.123;7
LV2.123 SGen 4;LV2.123 Bus 41;PV;PV4;pq;0.0276;0;0.05376;LV2.123;7
LV2.123 SGen 5;LV2.123 Bus 36;PV;PV4;pq;0.011;0;0.011;LV2.123;7
LV2.123 SGen 6;LV2.123 Bus 1;PV;PV3;pq;0.0125;0;0.0125;LV2.123;7
LV2.123 SGen 7;LV2.123 Bus 39;PV;PV3;pq;0.0047;0;0.0047;LV2.123;7
LV2.123 SGen 8;LV2.123 Bus 10;PV;PV1;pq;0.0098;0;0.0098;LV2.123;7
LV2.124 SGen 1;LV2.124 Bus 40;PV;PV7;pq;0.0226;0;0.0226;LV2.124;7
LV2.124 SGen 2;LV2.124 Bus 51;PV;PV3;pq;0.0286;0;0.0286;LV2.124;7
LV2.124 SGen 3;LV2.124 Bus 50;PV;PV7;pq;0.0286;0;0.0286;LV2.124;7
LV2.124 SGen 4;LV2.124 Bus 41;PV;PV4;pq;0.0276;0;0.05376;LV2.124;7
LV2.124 SGen 5;LV2.124 Bus 36;PV;PV4;pq;0.011;0;0.011;LV2.124;7
LV2.124 SGen 6;LV2.124 Bus 1;PV;PV3;pq;0.0125;0;0.0125;LV2.124;7
LV2.124 SGen 7;LV2.124 Bus 39;PV;PV3;pq;0.0047;0;0.0047;LV2.124;7
LV2.124 SGen 8;LV2.124 Bus 10;PV;PV1;pq;0.0098;0;0.0098;LV2.124;7
LV2.125 SGen 1;LV2.125 Bus 40;PV;PV7;pq;0.0226;0;0.0226;LV2.125;7
LV2.125 SGen 2;LV2.125 Bus 51;PV;PV3;pq;0.0286;0;0.0286;LV2.125;7
LV2.125 SGen 3;LV2.125 Bus 50;PV;PV7;pq;0.0286;0;0.0286;LV2.125;7
LV2.125 SGen 4;LV2.125 Bus 41;PV;PV4;pq;0.0276;0;0.05376;LV2.125;7
LV2.125 SGen 5;LV2.125 Bus 36;PV;PV4;pq;0.011;0;0.011;LV2.125;7
LV2.125 SGen 6;LV2.125 Bus 1;PV;PV3;pq;0.0125;0;0.0125;LV2.125;7
LV2.125 SGen 7;LV2.125 Bus 39;PV;PV3;pq;0.0047;0;0.0047;LV2.125;7
LV2.125 SGen 8;LV2.125 Bus 10;PV;PV1;pq;0.0098;0;0.0098;LV2.125;7
LV2.126 SGen 1;LV2.126 Bus 40;PV;PV7;pq;0.0226;0;0.0226;LV2.126;7
LV2.126 SGen 2;LV2.126 Bus 51;PV;PV3;pq;0.0286;0;0.0286;LV2.126;7
LV2.126 SGen 3;LV2.126 Bus 50;PV;PV7;pq;0.0286;0;0.0286;LV2.126;7
LV2.126 SGen 4;LV2.126 Bus 41;PV;PV4;pq;0.0276;0;0.05376;LV2.126;7
LV2.126 SGen 5;LV2.126 Bus 36;PV;PV4;pq;0.011;0;0.011;LV2.126;7
LV2.126 SGen 6;LV2.126 Bus 1;PV;PV3;pq;0.0125;0;0.0125;LV2.126;7
LV2.126 SGen 7;LV2.126 Bus 39;PV;PV3;pq;0.0047;0;0.0047;LV2.126;7
LV2.126 SGen 8;LV2.126 Bus 10;PV;PV1;pq;0.0098;0;0.0098;LV2.126;7
LV2.127 SGen 1;LV2.127 Bus 40;PV;PV7;pq;0.0226;0;0.0226;LV2.127;7
LV2.127 SGen 2;LV2.127 Bus 51;PV;PV3;pq;0.0286;0;0.0286;LV2.127;7
LV2.127 SGen 3;LV2.127 Bus 50;PV;PV7;pq;0.0286;0;0.0286;LV2.127;7
LV2.127 SGen 4;LV2.127 Bus 41;PV;PV4;pq;0.0276;0;0.05376;LV2.127;7
LV2.127 SGen 5;LV2.127 Bus 36;PV;PV4;pq;0.011;0;0.011;LV2.127;7
LV2.127 SGen 6;LV2.127 Bus 1;PV;PV3;pq;0.0125;0;0.0125;LV2.127;7
LV2.127 SGen 7;LV2.127 Bus 39;PV;PV3;pq;0.0047;0;0.0047;LV2.127;7
LV2.127 SGen 8;LV2.127 Bus 10;PV;PV1;pq;0.0098;0;0.0098;LV2.127;7
LV2.128 SGen 1;LV2.128 Bus 40;PV;PV7;pq;0.0226;0;0.0226;LV2.128;7
LV2.128 SGen 2;LV2.128 Bus 51;PV;PV3;pq;0.0286;0;0.0286;LV2.128;7
LV2.128 SGen 3;LV2.128 Bus 50;PV;PV7;pq;0.0286;0;0.0286;LV2.128;7
LV2.128 SGen 4;LV2.128 Bus 41;PV;PV4;pq;0.0276;0;0.05376;LV2.128;7
LV2.128 SGen 5;LV2.128 Bus 36;PV;PV4;pq;0.011;0;0.011;LV2.128;7
LV2.128 SGen 6;LV2.128 Bus 1;PV;PV3;pq;0.0125;0;0.0125;LV2.128;7
LV2.128 SGen 7;LV2.128 Bus 39;PV;PV3;pq;0.0047;0;0.0047;LV2.128;7
LV2.128 SGen 8;LV2.128 Bus 10;PV;PV1;pq;0.0098;0;0.0098;LV2.128;7
LV2.129 SGen 1;LV2.129 Bus 40;PV;PV7;pq;0.0226;0;0.0226;LV2.129;7
LV2.129 SGen 2;LV2.129 Bus 51;PV;PV3;pq;0.0286;0;0.0286;LV2.129;7
LV2.129 SGen 3;LV2.129 Bus 50;PV;PV7;pq;0.0286;0;0.0286;LV2.129;7
LV2.129 SGen 4;LV2.129 Bus 41;PV;PV4;pq;0.0276;0;0.05376;LV2.129;7
LV2.129 SGen 5;LV2.129 Bus 36;PV;PV4;pq;0.011;0;0.011;LV2.129;7
LV2.129 SGen 6;LV2.129 Bus 1;PV;PV3;pq;0.0125;0;0.0125;LV2.129;7
LV2.129 SGen 7;LV2.129 Bus 39;PV;PV3;pq;0.0047;0;0.0047;LV2.129;7
LV2.129 SGen 8;LV2.129 Bus 10;PV;PV1;pq;0.0098;0;0.0098;LV2.129;7
LV2.130 SGen 1;LV2.130 Bus 40;PV;PV7;pq;0.0226;0;0.0226;LV2.130;7
LV2.130 SGen 2;LV2.130 Bus 51;PV;PV3;pq;0.0286;0;0.0286;LV2.130;7
LV2.130 SGen 3;LV2.130 Bus 50;PV;PV7;pq;0.0286;0;0.0286;LV2.130;7
LV2.130 SGen 4;LV2.130 Bus 41;PV;PV4;pq;0.0276;0;0.05376;LV2.130;7
LV2.130 SGen 5;LV2.130 Bus 36;PV;PV4;pq;0.011;0;0.011;LV2.130;7
LV2.130 SGen 6;LV2.130 Bus 1;PV;PV3;pq;0.0125;0;0.0125;LV2.130;7
LV2.130 SGen 7;LV2.130 Bus 39;PV;PV3;pq;0.0047;0;0.0047;LV2.130;7
LV2.130 SGen 8;LV2.130 Bus 10;PV;PV1;pq;0.0098;0;0.0098;LV2.130;7
LV2.131 SGen 1;LV2.131 Bus 40;PV;PV7;pq;0.0226;0;0.0226;LV2.131;7
LV2.131 SGen 2;LV2.131 Bus 51;PV;PV3;pq;0.0286;0;0.0286;LV2.131;7
LV2.131 SGen 3;LV2.131 Bus 50;PV;PV7;pq;0.0286;0;0.0286;LV2.131;7
LV2.131 SGen 4;LV2.131 Bus 41;PV;PV4;pq;0.0276;0;0.05376;LV2.131;7
LV2.131 SGen 5;LV2.131 Bus 36;PV;PV4;pq;0.011;0;0.011;LV2.131;7
LV2.131 SGen 6;LV2.131 Bus 1;PV;PV3;pq;0.0125;0;0.0125;LV2.131;7
LV2.131 SGen 7;LV2.131 Bus 39;PV;PV3;pq;0.0047;0;0.0047;LV2.131;7
LV2.131 SGen 8;LV2.131 Bus 10;PV;PV1;pq;0.0098;0;0.0098;LV2.131;7
LV2.132 SGen 1;LV2.132 Bus 40;PV;PV7;pq;0.0226;0;0.0226;LV2.132;7
LV2.132 SGen 2;LV2.132 Bus 51;PV;PV3;pq;0.0286;0;0.0286;LV2.132;7
LV2.132 SGen 3;LV2.132 Bus 50;PV;PV7;pq;0.0286;0;0.0286;LV2.132;7
LV2.132 SGen 4;LV2.132 Bus 41;PV;PV4;pq;0.0276;0;0.05376;LV2.132;7
LV2.132 SGen 5;LV2.132 Bus 36;PV;PV4;pq;0.011;0;0.011;LV2.132;7
LV2.132 SGen 6;LV2.132 Bus 1;PV;PV3;pq;0.0125;0;0.0125;LV2.132;7
LV2.132 SGen 7;LV2.132 Bus 39;PV;PV3;pq;0.0047;0;0.0047;LV2.132;7
LV2.132 SGen 8;LV2.132 Bus 10;PV;PV1;pq;0.0098;0;0.0098;LV2.132;7
LV2.133 SGen 1;LV2.133 Bus 40;PV;PV7;pq;0.0226;0;0.0226;LV2.133;7
LV2.133 SGen 2;LV2.133 Bus 51;PV;PV3;pq;0.0286;0;0.0286;LV2.133;7
LV2.133 SGen 3;LV2.133 Bus 50;PV;PV7;pq;0.0286;0;0.0286;LV2.133;7
LV2.133 SGen 4;LV2.133 Bus 41;PV;PV4;pq;0.0276;0;0.05376;LV2.133;7
LV2.133 SGen 5;LV2.133 Bus 36;PV;PV4;pq;0.011;0;0.011;LV2.133;7
LV2.133 SGen 6;LV2.133 Bus 1;PV;PV3;pq;0.0125;0;0.0125;LV2.133;7
LV2.133 SGen 7;LV2.133 Bus 39;PV;PV3;pq;0.0047;0;0.0047;LV2.133;7
LV2.133 SGen 8;LV2.133 Bus 10;PV;PV1;pq;0.0098;0;0.0098;LV2.133;7
LV2.134 SGen 1;LV2.134 Bus 40;PV;PV7;pq;0.0226;0;0.0226;LV2.134;7
LV2.134 SGen 2;LV2.134 Bus 51;PV;PV3;pq;0.0286;0;0.0286;LV2.134;7
LV2.134 SGen 3;LV2.134 Bus 50;PV;PV7;pq;0.0286;0;0.0286;LV2.134;7
LV2.134 SGen 4;LV2.134 Bus 41;PV;PV4;pq;0.0276;0;0.05376;LV2.134;7
LV2.134 SGen 5;LV2.134 Bus 36;PV;PV4;pq;0.011;0;0.011;LV2.134;7
LV2.134 SGen 6;LV2.134 Bus 1;PV;PV3;pq;0.0125;0;0.0125;LV2.134;7
LV2.134 SGen 7;LV2.134 Bus 39;PV;PV3;pq;0.0047;0;0.0047;LV2.134;7
LV2.134 SGen 8;LV2.134 Bus 10;PV;PV1;pq;0.0098;0;0.0098;LV2.134;7
LV2.135 SGen 1;LV2.135 Bus 40;PV;PV7;pq;0.0226;0;0.0226;LV2.135;7
LV2.135 SGen 2;LV2.135 Bus 51;PV;PV3;pq;0.0286;0;0.0286;LV2.135;7
LV2.135 SGen 3;LV2.135 Bus 50;PV;PV7;pq;0.0286;0;0.0286;LV2.135;7
LV2.135 SGen 4;LV2.135 Bus 41;PV;PV4;pq;0.0276;0;0.05376;LV2.135;7
LV2.135 SGen 5;LV2.135 Bus 36;PV;PV4;pq;0.011;0;0.011;LV2.135;7
LV2.135 SGen 6;LV2.135 Bus 1;PV;PV3;pq;0.0125;0;0.0125;LV2.135;7
LV2.135 SGen 7;LV2.135 Bus 39;PV;PV3;pq;0.0047;0;0.0047;LV2.135;7
LV2.135 SGen 8;LV2.135 Bus 10;PV;PV1;pq;0.0098;0;0.0098;LV2.135;7
LV2.136 SGen 1;LV2.136 Bus 40;PV;PV7;pq;0.0226;0;0.0226;LV2.136;7
LV2.136 SGen 2;LV2.136 Bus 51;PV;PV3;pq;0.0286;0;0.0286;LV2.136;7
LV2.136 SGen 3;LV2.136 Bus 50;PV;PV7;pq;0.0286;0;0.0286;LV2.136;7
LV2.136 SGen 4;LV2.136 Bus 41;PV;PV4;pq;0.0276;0;0.05376;LV2.136;7
LV2.136 SGen 5;LV2.136 Bus 36;PV;PV4;pq;0.011;0;0.011;LV2.136;7
LV2.136 SGen 6;LV2.136 Bus 1;PV;PV3;pq;0.0125;0;0.0125;LV2.136;7
LV2.136 SGen 7;LV2.136 Bus 39;PV;PV3;pq;0.0047;0;0.0047;LV2.136;7
LV2.136 SGen 8;LV2.136 Bus 10;PV;PV1;pq;0.0098;0;0.0098;LV2.136;7
LV2.137 SGen 1;LV2.137 Bus 40;PV;PV7;pq;0.0226;0;0.0226;LV2.137;7
LV2.137 SGen 2;LV2.137 Bus 51;PV;PV3;pq;0.0286;0;0.0286;LV2.137;7
LV2.137 SGen 3;LV2.137 Bus 50;PV;PV7;pq;0.0286;0;0.0286;LV2.137;7
LV2.137 SGen 4;LV2.137 Bus 41;PV;PV4;pq;0.0276;0;0.05376;LV2.137;7
LV2.137 SGen 5;LV2.137 Bus 36;PV;PV4;pq;0.011;0;0.011;LV2.137;7
LV2.137 SGen 6;LV2.137 Bus 1;PV;PV3;pq;0.0125;0;0.0125;LV2.137;7
LV2.137 SGen 7;LV2.137 Bus 39;PV;PV3;pq;0.0047;0;0.0047;LV2.137;7
LV2.137 SGen 8;LV2.137 Bus 10;PV;PV1;pq;0.0098;0;0.0098;LV2.137;7
LV3.101 SGen 1;LV3.101 Bus 121;PV;PV7;pq;0.0076;0;0.0076;LV3.101;7
LV3.101 SGen 2;LV3.101 Bus 81;PV;PV3;pq;0.00656;0;0.00656;LV3.101;7
LV3.101 SGen 3;LV3.101 Bus 86;PV;PV3;pq;0.0078;0;0.0078;LV3.101;7
LV3.101 SGen 4;LV3.101 Bus 17;PV;PV4;pq;0.0018;0;0.0018;LV3.101;7
LV3.101 SGen 5;LV3.101 Bus 62;PV;PV3;pq;0.00832;0;0.00832;LV3.101;7
LV3.101 SGen 6;LV3.101 Bus 1;PV;PV4;pq;0.027;0;0.027;LV3.101;7
LV3.101 SGen 7;LV3.101 Bus 29;PV;PV4;pq;0.0036;0;0.0036;LV3.101;7
LV3.101 SGen 8;LV3.101 Bus 125;PV;PV1;pq;0.01696;0;0.01696;LV3.101;7
LV3.101 SGen 9;LV3.101 Bus 44;PV;PV4;pq;0.00665;0;0.00665;LV3.101;7
LV3.101 SGen 10;LV3.101 Bus 63;PV;PV1;pq;0.00686;0;0.00686;LV3.101;7
LV3.101 SGen 11;LV3.101 Bus 129;PV;PV1;pq;0.0092;0;0.0092;LV3.101;7
LV3.101 SGen 12;LV3.101 Bus 36;PV;PV1;pq;0.0076;0;0.0076;LV3.101;7
LV3.101 SGen 13;LV3.101 Bus 70;PV;PV3;pq;0.018;0;0.018;LV3.101;7
LV3.101 SGen 14;LV3.101 Bus 14;PV;PV7;pq;0.0091;0;0.0091;LV3.101;7
LV3.101 SGen 15;LV3.101 Bus 88;PV;PV7;pq;0.00672;0;0.00672;LV3.101;7
LV3.101 SGen 16;LV3.101 Bus 32;PV;PV7;pq;0.014;0;0.014;LV3.101;7
LV3.101 SGen 17;LV3.101 Bus 90;PV;PV3;pq;0.0326;0;0.0326;LV3.101;7
LV3.102 SGen 1;LV3.102 Bus 121;PV;PV7;pq;0.0076;0;0.0076;LV3.102;7
LV3.102 SGen 2;LV3.102 Bus 81;PV;PV3;pq;0.00656;0;0.00656;LV3.102;7
LV3.102 SGen 3;LV3.102 Bus 86;PV;PV3;pq;0.0078;0;0.0078;LV3.102;7
LV3.102 SGen 4;LV3.102 Bus 17;PV;PV4;pq;0.0018;0;0.0018;LV3.102;7
LV3.102 SGen 5;LV3.102 Bus 62;PV;PV3;pq;0.00832;0;0.00832;LV3.102;7
LV3.102 SGen 6;LV3.102 Bus 1;PV;PV4;pq;0.027;0;0.027;LV3.102;7
LV3.102 SGen 7;LV3.102 Bus 29;PV;PV4;pq;0.0036;0;0.0036;LV3.102;7
LV3.102 SGen 8;LV3.102 Bus 125;PV;PV1;pq;0.01696;0;0.01696;LV3.102;7
LV3.102 SGen 9;LV3.102 Bus 44;PV;PV4;pq;0.00665;0;0.00665;LV3.102;7
LV3.102 SGen 10;LV3.102 Bus 63;PV;PV1;pq;0.00686;0;0.00686;LV3.102;7
LV3.102 SGen 11;LV3.102 Bus 129;PV;PV1;pq;0.0092;0;0.0092;LV3.102;7
LV3.102 SGen 12;LV3.102 Bus 36;PV;PV1;pq;0.0076;0;0.0076;LV3.102;7
LV3.102 SGen 13;LV3.102 Bus 70;PV;PV3;pq;0.018;0;0.018;LV3.102;7
LV3.102 SGen 14;LV3.102 Bus 14;PV;PV7;pq;0.0091;0;0.0091;LV3.102;7
LV3.102 SGen 15;LV3.102 Bus 88;PV;PV7;pq;0.00672;0;0.00672;LV3.102;7
LV3.102 SGen 16;LV3.102 Bus 32;PV;PV7;pq;0.014;0;0.014;LV3.102;7
LV3.102 SGen 17;LV3.102 Bus 90;PV;PV3;pq;0.0326;0;0.0326;LV3.102;7
LV3.103 SGen 1;LV3.103 Bus 121;PV;PV7;pq;0.0076;0;0.0076;LV3.103;7
LV3.103 SGen 2;LV3.103 Bus 81;PV;PV3;pq;0.00656;0;0.00656;LV3.103;7
LV3.103 SGen 3;LV3.103 Bus 86;PV;PV3;pq;0.0078;0;0.0078;LV3.103;7
LV3.103 SGen 4;LV3.103 Bus 17;PV;PV4;pq;0.0018;0;0.0018;LV3.103;7
LV3.103 SGen 5;LV3.103 Bus 62;PV;PV3;pq;0.00832;0;0.00832;LV3.103;7
LV3.103 SGen 6;LV3.103 Bus 1;PV;PV4;pq;0.027;0;0.027;LV3.103;7
LV3.103 SGen 7;LV3.103 Bus 29;PV;PV4;pq;0.0036;0;0.0036;LV3.103;7
LV3.103 SGen 8;LV3.103 Bus 125;PV;PV1;pq;0.01696;0;0.01696;LV3.103;7
LV3.103 SGen 9;LV3.103 Bus 44;PV;PV4;pq;0.00665;0;0.00665;LV3.103;7
LV3.103 SGen 10;LV3.103 Bus 63;PV;PV1;pq;0.00686;0;0.00686;LV3.103;7
LV3.103 SGen 11;LV3.103 Bus 129;PV;PV1;pq;0.0092;0;0.0092;LV3.103;7
LV3.103 SGen 12;LV3.103 Bus 36;PV;PV1;pq;0.0076;0;0.0076;LV3.103;7
LV3.103 SGen 13;LV3.103 Bus 70;PV;PV3;pq;0.018;0;0.018;LV3.103;7
LV3.103 SGen 14;LV3.103 Bus 14;PV;PV7;pq;0.0091;0;0.0091;LV3.103;7
LV3.103 SGen 15;LV3.103 Bus 88;PV;PV7;pq;0.00672;0;0.00672;LV3.103;7
LV3.103 SGen 16;LV3.103 Bus 32;PV;PV7;pq;0.014;0;0.014;LV3.103;7
LV3.103 SGen 17;LV3.103 Bus 90;PV;PV3;pq;0.0326;0;0.0326;LV3.103;7
LV3.104 SGen 1;LV3.104 Bus 121;PV;PV7;pq;0.0076;0;0.0076;LV3.104;7
LV3.104 SGen 2;LV3.104 Bus 81;PV;PV3;pq;0.00656;0;0.00656;LV3.104;7
LV3.104 SGen 3;LV3.104 Bus 86;PV;PV3;pq;0.0078;0;0.0078;LV3.104;7
LV3.104 SGen 4;LV3.104 Bus 17;PV;PV4;pq;0.0018;0;0.0018;LV3.104;7
LV3.104 SGen 5;LV3.104 Bus 62;PV;PV3;pq;0.00832;0;0.00832;LV3.104;7
LV3.104 SGen 6;LV3.104 Bus 1;PV;PV4;pq;0.027;0;0.027;LV3.104;7
LV3.104 SGen 7;LV3.104 Bus 29;PV;PV4;pq;0.0036;0;0.0036;LV3.104;7
LV3.104 SGen 8;LV3.104 Bus 125;PV;PV1;pq;0.01696;0;0.01696;LV3.104;7
LV3.104 SGen 9;LV3.104 Bus 44;PV;PV4;pq;0.00665;0;0.00665;LV3.104;7
LV3.104 SGen 10;LV3.104 Bus 63;PV;PV1;pq;0.00686;0;0.00686;LV3.104;7
LV3.104 SGen 11;LV3.104 Bus 129;PV;PV1;pq;0.0092;0;0.0092;LV3.104;7
LV3.104 SGen 12;LV3.104 Bus 36;PV;PV1;pq;0.0076;0;0.0076;LV3.104;7
LV3.104 SGen 13;LV3.104 Bus 70;PV;PV3;pq;0.018;0;0.018;LV3.104;7
LV3.104 SGen 14;LV3.104 Bus 14;PV;PV7;pq;0.0091;0;0.0091;LV3.104;7
LV3.104 SGen 15;LV3.104 Bus 88;PV;PV7;pq;0.00672;0;0.00672;LV3.104;7
LV3.104 SGen 16;LV3.104 Bus 32;PV;PV7;pq;0.014;0;0.014;LV3.104;7
LV3.104 SGen 17;LV3.104 Bus 90;PV;PV3;pq;0.0326;0;0.0326;LV3.104;7
LV3.105 SGen 1;LV3.105 Bus 121;PV;PV7;pq;0.0076;0;0.0076;LV3.105;7
LV3.105 SGen 2;LV3.105 Bus 81;PV;PV3;pq;0.00656;0;0.00656;LV3.105;7
LV3.105 SGen 3;LV3.105 Bus 86;PV;PV3;pq;0.0078;0;0.0078;LV3.105;7
LV3.105 SGen 4;LV3.105 Bus 17;PV;PV4;pq;0.0018;0;0.0018;LV3.105;7
LV3.105 SGen 5;LV3.105 Bus 62;PV;PV3;pq;0.00832;0;0.00832;LV3.105;7
LV3.105 SGen 6;LV3.105 Bus 1;PV;PV4;pq;0.027;0;0.027;LV3.105;7
LV3.105 SGen 7;LV3.105 Bus 29;PV;PV4;pq;0.0036;0;0.0036;LV3.105;7
LV3.105 SGen 8;LV3.105 Bus 125;PV;PV1;pq;0.01696;0;0.01696;LV3.105;7
LV3.105 SGen 9;LV3.105 Bus 44;PV;PV4;pq;0.00665;0;0.00665;LV3.105;7
LV3.105 SGen 10;LV3.105 Bus 63;PV;PV1;pq;0.00686;0;0.00686;LV3.105;7
LV3.105 SGen 11;LV3.105 Bus 129;PV;PV1;pq;0.0092;0;0.0092;LV3.105;7
LV3.105 SGen 12;LV3.105 Bus 36;PV;PV1;pq;0.0076;0;0.0076;LV3.105;7
LV3.105 SGen 13;LV3.105 Bus 70;PV;PV3;pq;0.018;0;0.018;LV3.105;7
LV3.105 SGen 14;LV3.105 Bus 14;PV;PV7;pq;0.0091;0;0.0091;LV3.105;7
LV3.105 SGen 15;LV3.105 Bus 88;PV;PV7;pq;0.00672;0;0.00672;LV3.105;7
LV3.105 SGen 16;LV3.105 Bus 32;PV;PV7;pq;0.014;0;0.014;LV3.105;7
LV3.105 SGen 17;LV3.105 Bus 90;PV;PV3;pq;0.0326;0;0.0326;LV3.105;7
LV3.106 SGen 1;LV3.106 Bus 121;PV;PV7;pq;0.0076;0;0.0076;LV3.106;7
LV3.106 SGen 2;LV3.106 Bus 81;PV;PV3;pq;0.00656;0;0.00656;LV3.106;7
LV3.106 SGen 3;LV3.106 Bus 86;PV;PV3;pq;0.0078;0;0.0078;LV3.106;7
LV3.106 SGen 4;LV3.106 Bus 17;PV;PV4;pq;0.0018;0;0.0018;LV3.106;7
LV3.106 SGen 5;LV3.106 Bus 62;PV;PV3;pq;0.00832;0;0.00832;LV3.106;7
LV3.106 SGen 6;LV3.106 Bus 1;PV;PV4;pq;0.027;0;0.027;LV3.106;7
LV3.106 SGen 7;LV3.106 Bus 29;PV;PV4;pq;0.0036;0;0.0036;LV3.106;7
LV3.106 SGen 8;LV3.106 Bus 125;PV;PV1;pq;0.01696;0;0.01696;LV3.106;7
LV3.106 SGen 9;LV3.106 Bus 44;PV;PV4;pq;0.00665;0;0.00665;LV3.106;7
LV3.106 SGen 10;LV3.106 Bus 63;PV;PV1;pq;0.00686;0;0.00686;LV3.106;7
LV3.106 SGen 11;LV3.106 Bus 129;PV;PV1;pq;0.0092;0;0.0092;LV3.106;7
LV3.106 SGen 12;LV3.106 Bus 36;PV;PV1;pq;0.0076;0;0.0076;LV3.106;7
LV3.106 SGen 13;LV3.106 Bus 70;PV;PV3;pq;0.018;0;0.018;LV3.106;7
LV3.106 SGen 14;LV3.106 Bus 14;PV;PV7;pq;0.0091;0;0.0091;LV3.106;7
LV3.106 SGen 15;LV3.106 Bus 88;PV;PV7;pq;0.00672;0;0.00672;LV3.106;7
LV3.106 SGen 16;LV3.106 Bus 32;PV;PV7;pq;0.014;0;0.014;LV3.106;7
LV3.106 SGen 17;LV3.106 Bus 90;PV;PV3;pq;0.0326;0;0.0326;LV3.106;7
LV3.107 SGen 1;LV3.107 Bus 121;PV;PV7;pq;0.0076;0;0.0076;LV3.107;7
LV3.107 SGen 2;LV3.107 Bus 81;PV;PV3;pq;0.00656;0;0.00656;LV3.107;7
LV3.107 SGen 3;LV3.107 Bus 86;PV;PV3;pq;0.0078;0;0.0078;LV3.107;7
LV3.107 SGen 4;LV3.107 Bus 17;PV;PV4;pq;0.0018;0;0.0018;LV3.107;7
LV3.107 SGen 5;LV3.107 Bus 62;PV;PV3;pq;0.00832;0;0.00832;LV3.107;7
LV3.107 SGen 6;LV3.107 Bus 1;PV;PV4;pq;0.027;0;0.027;LV3.107;7
LV3.107 SGen 7;LV3.107 Bus 29;PV;PV4;pq;0.0036;0;0.0036;LV3.107;7
LV3.107 SGen 8;LV3.107 Bus 125;PV;PV1;pq;0.01696;0;0.01696;LV3.107;7
LV3.107 SGen 9;LV3.107 Bus 44;PV;PV4;pq;0.00665;0;0.00665;LV3.107;7
LV3.107 SGen 10;LV3.107 Bus 63;PV;PV1;pq;0.00686;0;0.00686;LV3.107;7
LV3.107 SGen 11;LV3.107 Bus 129;PV;PV1;pq;0.0092;0;0.0092;LV3.107;7
LV3.107 SGen 12;LV3.107 Bus 36;PV;PV1;pq;0.0076;0;0.0076;LV3.107;7
LV3.107 SGen 13;LV3.107 Bus 70;PV;PV3;pq;0.018;0;0.018;LV3.107;7
LV3.107 SGen 14;LV3.107 Bus 14;PV;PV7;pq;0.0091;0;0.0091;LV3.107;7
LV3.107 SGen 15;LV3.107 Bus 88;PV;PV7;pq;0.00672;0;0.00672;LV3.107;7
LV3.107 SGen 16;LV3.107 Bus 32;PV;PV7;pq;0.014;0;0.014;LV3.107;7
LV3.107 SGen 17;LV3.107 Bus 90;PV;PV3;pq;0.0326;0;0.0326;LV3.107;7
LV4.101 SGen 1;LV4.101 Bus 19;PV;PV5;pq;0.00648;0;0.00648;LV4.101;7
LV4.102 SGen 1;LV4.102 Bus 19;PV;PV5;pq;0.00648;0;0.00648;LV4.102;7
LV4.103 SGen 1;LV4.103 Bus 19;PV;PV5;pq;0.00648;0;0.00648;LV4.103;7
LV4.104 SGen 1;LV4.104 Bus 19;PV;PV5;pq;0.00648;0;0.00648;LV4.104;7
LV4.105 SGen 1;LV4.105 Bus 19;PV;PV5;pq;0.00648;0;0.00648;LV4.105;7
LV4.106 SGen 1;LV4.106 Bus 19;PV;PV5;pq;0.00648;0;0.00648;LV4.106;7
LV4.107 SGen 1;LV4.107 Bus 19;PV;PV5;pq;0.00648;0;0.00648;LV4.107;7
LV4.108 SGen 1;LV4.108 Bus 19;PV;PV5;pq;0.00648;0;0.00648;LV4.108;7
LV4.109 SGen 1;LV4.109 Bus 19;PV;PV5;pq;0.00648;0;0.00648;LV4.109;7
LV4.110 SGen 1;LV4.110 Bus 19;PV;PV5;pq;0.00648;0;0.00648;LV4.110;7
MV1.101 SGen 1;MV1.101 busbar1.1;Wind_MV;WP4;pq;2;0;2;MV1.101;5
MV1.101 MV SGen 2;MV1.101 Bus 14;Wind_MV;WP7;pq;2;0;2;MV1.101;5
MV1.101 MV SGen 3;MV1.101 Bus 15;Wind_MV;WP4;pq;1.7;0;1.7;MV1.101;5
MV1.101 MV SGen 4;MV1.101 Bus 49;Wind_MV;WP7;pq;1.9;0;1.9;MV1.101;5
MV1.101 MV SGen 5;MV1.101 Bus 59;Biomass_MV;BM3;pq;0.31;0;0.31;MV1.101;5
MV1.101 MV SGen 6;MV1.101 Bus 61;Biomass_MV;BM1;pq;0.35;0;0.35;MV1.101;5
MV1.101 MV SGen 7;MV1.101 Bus 69;Wind_MV;WP4;pq;1.8;0;1.8;MV1.101;5
MV1.101 MV SGen 8;MV1.101 Bus 26;Wind_MV;WP7;pq;2;0;2;MV1.101;5
MV1.101 MV SGen 9;MV1.101 Bus 28;PV_MV;PV3;pq;0.195;0;0.195;MV1.101;5
MV1.101 MV SGen 10;MV1.101 Bus 41;PV_MV;PV7;pq;0.125;0;0.125;MV1.101;5
MV1.101 MV SGen 11;MV1.101 Bus 44;Hydro_MV;Hydro2;pq;0.385;0;0.385;MV1.101;5
MV1.101 MV SGen 12;MV1.101 Bus 46;Biomass_MV;BM2;pq;0.28;0;0.28;MV1.101;5
